1,70.8566258831639,0.779527076360688,4.92464872590344,21.3964483394834,70.8566258831639,0.779527076360688,4.92464872590344,21.3964483394834,79.2491886147572,0.736757412821526,4.94915541646307,28.3613929889299
1,113.541099431329,0.525961429926312,5.09552603320825,31.3941420664207,113.541099431329,0.525961429926312,5.09552603320825,31.3941420664207,113.902605049258,0.526466090228613,5.09510952718361,31.3941420664207
1,81.9327359411798,0.52111961230109,5.09954251250614,12.4942343173432,81.9327359411798,0.52111961230109,5.09954251250614,12.4942343173432,82.7738173880576,0.544017550145508,5.0808670202483,12.932426199262
1,86.1694525819978,0.671229762600527,4.98960872558225,18.6577490774908,86.1694525819978,0.671229762600527,4.98960872558225,18.6577490774908,94.3504609817043,0.621705718349392,5.02289506866625,24.1812730627306
1,90.4644723993337,0.570564136397156,5.06017546062881,15.1406826568266,90.4644723993337,0.570564136397156,5.06017546062881,15.1406826568266,94.283654536577,0.55252551896201,5.07412758946393,17.8909132841328
1,111.449480153943,0.532672801888438,5.09001940821717,31.0712638376384,111.449480153943,0.532672801888438,5.09001940821717,31.0712638376384,112.451618462245,0.542531667057933,5.08205483800702,31.549815498155
1,121.526336952151,0.338330957159122,5.28713819323099,20.3297970479705,121.526336952151,0.338330957159122,5.28713819323099,20.3297970479705,120.664646580693,0.361032183570402,5.25893401258499,19.4591789667897
1,143.860646791889,0.349722602580475,5.27275622894425,30.8636992619926,143.860646791889,0.349722602580475,5.27275622894425,30.8636992619926,123.329092110176,0.484383110844266,5.13129093858665,22.440036900369
1,94.5055431098857,0.528508891672951,5.09342763231609,16.5763376383764,94.5055431098857,0.528508891672951,5.09342763231609,16.5763376383764,99.1383806761065,0.524650191491397,5.09661009491253,18.6346863468635
1,103.382733069102,0.530507464650341,5.09178843148409,16.6282287822878,103.382733069102,0.530507464650341,5.09178843148409,16.6282287822878,111.660453226872,0.475463338912383,5.13936289478006,22.6014760147601
1,104.03532655523,0.536968281670195,5.08653129762888,16.3803044280443,104.03532655523,0.536968281670195,5.08653129762888,16.3803044280443,106.376568917483,0.505330736318885,5.11290421598389,17.3143450184502
1,108.750646217474,0.437803524214657,5.17520067741002,16.2649907749077,108.750646217474,0.437803524214657,5.17520067741002,16.2649907749077,113.322715914639,0.43293103069093,5.18006121527748,19.7186346863469
1,102.483428111896,0.420825420317586,5.19237796475793,10.5511992619926,102.483428111896,0.420825420317586,5.19237796475793,10.5511992619926,101.385558778757,0.400419453036999,5.21396476256216,10.2686808118081
1,126.415244988224,0.265063988856057,5.39312920139467,11.7735239852399,126.415244988224,0.265063988856057,5.39312920139467,11.7735239852399,124.279432461154,0.260425409993415,5.40079657407033,10.2225553505535
1,89.0234935952668,0.480394886009936,5.13488155510159,12.3097324723247,89.0234935952668,0.480394886009936,5.13488155510159,12.3097324723247,94.9430163425913,0.417532604948746,5.19578953560305,13.0708025830258
-1,185.858119363548,0.017757050097876,6.56710911065762,56.0654981549815,185.858119363548,0.017757050097876,6.56710911065762,56.0654981549815,185.238619065399,0.0178422410419773,6.56503052839532,56.0654981549815
-1,185.81498075708,0.0132939492841062,6.69282591299879,59.0694188191882,185.81498075708,0.0132939492841062,6.69282591299879,59.0694188191882,185.064250222592,0.0139091073454037,6.67318067176071,59.0694188191882
-1,186.179849503131,0.0126973845087976,6.71276565930381,72.1229243542435,186.179849503131,0.0126973845087976,6.71276565930381,72.1229243542435,185.536232300313,0.0124635111553667,6.72083952388717,58.3660055350554
-1,186.141535987133,0.0127705121807928,6.71027161497098,72.4976937269373,186.141535987133,0.0127705121807928,6.71027161497098,72.4976937269373,185.523594795646,0.0124953296349461,6.7197322130384,58.8849169741697
-1,186.164799816187,0.0126052882738262,6.71592714849696,72.9128228782288,186.164799816187,0.0126052882738262,6.71592714849696,72.9128228782288,185.549530401815,0.0124219292450521,6.72229087943587,59.2193265682657
-1,140.186168073985,0.0210462099656599,6.49330603183907,35.2225553505535,140.186168073985,0.0210462099656599,6.49330603183907,35.2225553505535,140.436539621449,0.0197838031510959,6.52017014848043,35.2225553505535
-1,140.153771037969,0.0211039152826491,6.49211689580427,35.7933579335793,140.153771037969,0.0211039152826491,6.49211689580427,35.7933579335793,140.434701438952,0.019745885779746,6.52100331011876,35.7933579335793
-1,140.208110747315,0.0211869329305588,6.49041183883701,34.1674354243542,140.208110747315,0.0211869329305588,6.49041183883701,34.1674354243542,140.47367665221,0.0198735013886636,6.51820554112776,34.1674354243542
-1,140.18858061922,0.0211039756132491,6.49211565427118,34.6229243542435,140.18858061922,0.0211039756132491,6.49211565427118,34.6229243542435,140.445960306747,0.0197286171460363,6.52138328566006,34.6229243542435
-1,140.205583318973,0.021127664460402,6.49162843963011,34.9285055350554,140.205583318973,0.021127664460402,6.49162843963011,34.9285055350554,140.475629721113,0.0198080623853184,6.51963793547487,34.9285055350554
-1,140.232408524327,0.0211385835777407,6.49140404722562,34.9112084870849,140.232408524327,0.0211385835777407,6.49140404722562,34.9112084870849,140.491024499526,0.0198359141604823,6.51902771040116,34.9112084870849
-1,185.836291573324,0.0210027923609718,6.49420289177825,57.1667435424354,185.836291573324,0.0210027923609718,6.49420289177825,57.1667435424354,185.279604790763,0.0197250729946788,6.52146131158749,57.1667435424354
-1,185.048365787811,0.0132414132559393,6.6945455907994,63.6992619926199,185.048365787811,0.0132414132559393,6.6945455907994,63.6992619926199,184.110894103455,0.0141192809670843,6.66666735005372,46.1023985239852
-1,185.931874317882,0.0192069507089412,6.53302150878111,58.5332103321033,185.931874317882,0.0192069507089412,6.53302150878111,58.5332103321033,185.420168308585,0.0161669530324748,6.60785175399952,58.5332103321033
-1,185.945660290654,0.0194369701521476,6.52785136287066,55.517758302583,185.945660290654,0.0194369701521476,6.52785136287066,55.517758302583,185.278484648304,0.0197629233059301,6.52062874534513,55.517758302583
-1,165.71204549371,0.0133836861751043,6.68990418602399,53.5804889298893,165.71204549371,0.0133836861751043,6.68990418602399,53.5804889298893,165.571272654163,0.0124245799784681,6.72219821459594,53.5804889298893
-1,184.353150669194,0.0144957756741138,6.65523847105864,49.9308118081181,184.353150669194,0.0144957756741138,6.65523847105864,49.9308118081181,183.794784157165,0.0143543771273067,6.65949557851723,35.0784132841328
-1,186.092480900684,0.0130215608835132,6.70181688475816,72.0191420664207,186.092480900684,0.0130215608835132,6.70181688475816,72.0191420664207,185.468592928742,0.0126934884654867,6.7128989379135,59.3288745387454
-1,185.863633752657,0.0218831116721966,6.47637085400527,54.9469557195572,185.863633752657,0.0218831116721966,6.47637085400527,54.9469557195572,185.305885056151,0.0234669244079083,6.44602375624453,54.9469557195572
-1,184.55540237808,0.014202602020092,6.66411201304026,48.9102859778598,184.55540237808,0.014202602020092,6.66411201304026,48.9102859778598,183.944538587472,0.0146966575268665,6.64926135660318,34.7440036900369
-1,186.060600838647,0.012960955609825,6.70384290742447,72.7571494464945,186.060600838647,0.012960955609825,6.70384290742447,72.7571494464945,185.440215986443,0.012736807350113,6.71141935066147,59.2020295202952
-1,186.02355103682,0.0260413620246259,6.40081623550827,65.0657287822878,186.02355103682,0.0260413620246259,6.40081623550827,65.0657287822878,185.448401642876,0.0263750754040739,6.39528622070558,52.1967250922509
-1,184.421218909759,0.0166218052065435,6.59580174218244,48.8756918819188,184.421218909759,0.0166218052065435,6.59580174218244,48.8756918819188,183.708648074217,0.0235656343611228,6.44420079563787,34.8016605166052
-1,186.031477971164,0.013001192273563,6.70249674954099,72.7225553505535,186.031477971164,0.013001192273563,6.70249674954099,72.7225553505535,185.423385127955,0.0128405805628136,6.70789527063492,59.4268911439114
-1,186.11614682061,0.0275739668935977,6.37598068080122,65.7691420664207,186.11614682061,0.0275739668935977,6.37598068080122,65.7691420664207,185.521900221156,0.0255603059186003,6.40891388325138,52.2082564575646
-1,185.465793555058,0.0144533093091902,6.65651263369228,59.8766143911439,185.465793555058,0.0144533093091902,6.65651263369228,59.8766143911439,184.733434816325,0.0140907115495118,6.66754700605771,42.1759686346863
-1,186.140674363835,0.012783496729218,6.70983026596494,72.5380535055351,186.140674363835,0.012783496729218,6.70983026596494,72.5380535055351,185.527960479076,0.012554401840184,6.71768390522716,59.0924815498155
-1,186.004939973577,0.0325200107501003,6.30432925013745,65.4635608856089,186.004939973577,0.0325200107501003,6.30432925013745,65.4635608856089,185.365769595313,0.0299912125866978,6.33948590537549,52.2486162361624
-1,183.313688322132,0.0439157665639398,6.17385946271844,34.4557195571956,183.313688322132,0.0439157665639398,6.17385946271844,34.4557195571956,184.045006749576,0.0326509913961563,6.30258355814145,46.1600553505535
-1,185.940260784652,0.0219139937888483,6.47575839640412,57.777905904059,185.940260784652,0.0219139937888483,6.47575839640412,57.777905904059,185.386104489186,0.0179776806075966,6.56174627016185,57.777905904059
-1,185.935837785054,0.0271274129041415,6.3830715528234,52.3466328413284,185.935837785054,0.0271274129041415,6.3830715528234,52.3466328413284,185.392308355114,0.0226496920268075,6.46141762943897,52.3466328413284
-1,168.240105692458,0.037035521778613,6.2478614629922,58.3717712177122,168.240105692458,0.037035521778613,6.2478614629922,58.3717712177122,167.952580635896,0.0460828211690813,6.15294087208658,48.1434501845018
-1,186.084841174105,0.0131443592650632,6.69774050978417,70.842942804428,186.084841174105,0.0131443592650632,6.69774050978417,70.842942804428,185.452882212712,0.0154189400992813,6.62842540936363,57.0975553505535
-1,186.078694927911,0.0135135986732976,6.6857089135159,72.1863468634686,186.078694927911,0.0135135986732976,6.6857089135159,72.1863468634686,185.478932705288,0.0131557137136492,6.69736551655306,58.41213099631
-1,186.013498765007,0.0232006667715656,6.450979464222,67.6891143911439,186.013498765007,0.0232006667715656,6.450979464222,67.6891143911439,184.67139615705,0.0491424173909706,6.12502341434173,36.6120848708487
-1,186.177781607215,0.0140921303643897,6.66750327849647,68.9921586715867,186.177781607215,0.0140921303643897,6.66750327849647,68.9921586715867,185.434241893328,0.0164726059843908,6.59971762015383,55.2064114391144
-1,186.076282382676,0.0135903152384036,6.68325039996101,72.572647601476,186.076282382676,0.0135903152384036,6.68325039996101,72.572647601476,185.458569089812,0.0132884427071963,6.69300584232954,58.5216789667897
-1,186.018496180137,0.0156974666859644,6.6206503605762,69.6379151291513,186.018496180137,0.0156974666859644,6.6206503605762,69.6379151291513,185.479133756498,0.0150782694870792,6.6381284296296,56.2442343173432
-1,186.100752484347,0.0131226243514628,6.69845923374071,72.4630996309963,186.100752484347,0.0131226243514628,6.69845923374071,72.4630996309963,185.475170175489,0.0132206161334813,6.69522823514611,58.642758302583
-1,167.823252340743,0.0385419023966612,6.23054678335611,48.7776752767528,167.823252340743,0.0385419023966612,6.23054678335611,48.7776752767528,167.184450124939,0.059624206296899,6.04105731976079,48.7776752767528
-1,186.057211787007,0.0130503698872354,6.70085710954643,72.9012915129151,186.057211787007,0.0130503698872354,6.70085710954643,72.9012915129151,185.46534738777,0.0127949546902646,6.7094411783296,59.0463560885609
-1,176.627893618243,0.147112904385376,5.64882916097193,12.6037822878229,176.627893618243,0.147112904385376,5.64882916097193,12.6037822878229,180.030215124795,0.104594455416203,5.79697126756443,22.0883302583026
-1,176.430352116721,0.149795025574587,5.64098253916531,12.6960332103321,176.430352116721,0.149795025574587,5.64098253916531,12.6960332103321,179.948071344458,0.106576313231385,5.78881923790289,18.2426199261993
-1,186.215061175254,0.0141032960401019,6.66715930841193,68.9633302583026,186.215061175254,0.0141032960401019,6.66715930841193,68.9633302583026,185.561851968866,0.0147700028569919,6.64709935130527,55.2467712177122
-1,186.129990234936,0.0133909585392892,6.68966826523048,71.9268911439114,186.129990234936,0.0133909585392892,6.68966826523048,71.9268911439114,185.522848034006,0.0132461436768043,6.69439046922999,57.8932195571956
-1,186.147624791774,0.0135468533749551,6.68464150040161,69.9261992619926,186.147624791774,0.0135468533749551,6.68464150040161,69.9261992619926,185.472298015337,0.0154999239487964,6.62615036333722,56.5671125461255
-1,186.151990349819,0.0131770419319858,6.69666200267229,71.5924815498155,186.151990349819,0.0131770419319858,6.69666200267229,71.5924815498155,185.48901398742,0.0170852587368974,6.58385837054095,57.8413284132841
-1,185.990751909932,0.0180625125212215,6.55970176946312,55.1083948339483,185.990751909932,0.0180625125212215,6.55970176946312,55.1083948339483,185.401757762013,0.0164506865557589,6.60029590303949,55.1083948339483
-1,186.097650640473,0.0201766193861015,6.51163152912679,70.5546586715867,186.097650640473,0.0201766193861015,6.51163152912679,70.5546586715867,185.501364276072,0.0171697507541281,6.58171593988285,56.2384686346863
-1,186.041243035212,0.0160937979129619,6.60982138695925,68.2772140221402,186.041243035212,0.0160937979129619,6.60982138695925,68.2772140221402,185.392710457535,0.0153723483624162,6.62973971290055,54.6298431734317
-1,186.177034867023,0.0137588326386218,6.67789834266254,71.1081642066421,186.177034867023,0.0137588326386218,6.67789834266254,71.1081642066421,185.549042134589,0.0139030786405422,6.67336895133691,57.0283671586716
-1,186.199149865012,0.0146154875351683,6.65166662373888,68.7730627306273,186.199149865012,0.0146154875351683,6.65166662373888,68.7730627306273,185.596662549904,0.014017024868859,6.66982408676131,55.1429889298893
-1,186.070882876673,0.0135257221764785,6.685319468018,71.7308579335793,186.070882876673,0.0135257221764785,6.685319468018,71.7308579335793,185.478674210874,0.0132607724801568,6.69391110684923,58.1526752767528
-1,184.595611465334,0.109242268786376,5.77808921946384,26.960332103321,184.595611465334,0.109242268786376,5.77808921946384,26.960332103321,185.52784559267,0.0891726790462105,5.86624811612372,31.3653136531365
-1,185.793382733069,0.0146931903906224,6.64936382451319,57.5530442804428,185.793382733069,0.0146931903906224,6.64936382451319,57.5530442804428,185.178389867019,0.0142251879144489,6.66342191849725,57.5530442804428
-1,186.144120857028,0.0138425230340195,6.67526467577119,71.044741697417,186.144120857028,0.0138425230340195,6.67526467577119,71.044741697417,185.569348306862,0.0135387676292444,6.68490079627288,56.7516143911439
-1,185.799873628583,0.0135724629803271,6.68382126485753,57.8182656826568,185.799873628583,0.0135724629803271,6.68382126485753,57.8182656826568,185.214636528133,0.0133040729443175,6.69249531323156,57.8182656826568
-1,186.215061175254,0.013648696138294,6.68138876547335,70.5719557195572,186.215061175254,0.013648696138294,6.68138876547335,70.5719557195572,185.585116466094,0.0138989811498948,6.67349696470025,56.515221402214
-1,185.741455568959,0.0863415561522844,5.88026005885082,29.8258763837638,185.741455568959,0.0863415561522844,5.88026005885082,29.8258763837638,186.349886549674,0.0671850323424821,5.98920740005645,35.1706642066421
-1,165.596243322419,0.0863417658257247,5.88025900420331,36.1796586715867,165.596243322419,0.0863417658257247,5.88025900420331,36.1796586715867,166.365166441681,0.0673629045324885,5.98805912595578,43.5424354243542
-1,185.851341260268,0.0135230658388489,6.68540476816362,58.0719557195572,185.851341260268,0.0135230658388489,6.68540476816362,58.0719557195572,185.258925237671,0.0133192442861259,6.69200034630564,58.0719557195572
-1,186.200413579183,0.0150421430488307,6.63917021617797,69.6609778597786,186.200413579183,0.0150421430488307,6.63917021617797,69.6609778597786,185.589108768705,0.0145699136610099,6.65302295240608,55.7483856088561
-1,186.495778045838,0.107718593527768,5.78418925639218,32.0283671586716,186.495778045838,0.107718593527768,5.78418925639218,32.0283671586716,186.290088175317,0.108577704057955,5.78073927662973,32.0283671586716
-1,187.488655293239,0.0392250892479924,6.22291599022281,40.1637453874539,187.488655293239,0.0392250892479924,6.22291599022281,40.1637453874539,187.286009707901,0.0433992245715689,6.17899796072633,40.1637453874539
-1,166.497903383307,0.0766548304128155,5.93194040345506,41.6051660516605,166.497903383307,0.0766548304128155,5.93194040345506,41.6051660516605,166.526524399,0.0715021529938698,5.96216081162989,41.6051660516605
-1,185.907748865529,0.013477257488689,6.68687840479724,57.4377306273063,185.907748865529,0.013477257488689,6.68687840479724,57.4377306273063,184.615676250108,0.0427736292665463,6.18530382968733,39.7716789667897
-1,186.186857372623,0.014406957273588,6.6579076624276,70.4624077490775,186.186857372623,0.014406957273588,6.6579076624276,70.4624077490775,185.562340236092,0.0143167488568751,6.66063552395248,56.6074723247232
-1,185.944281693377,0.0146563586972236,6.65045384532076,56.6651291512915,185.944281693377,0.0146563586972236,6.65045384532076,56.6651291512915,185.271419134331,0.0151424936916443,6.6362825292152,56.6651291512915
-1,186.145844103625,0.0138126207747613,6.67620384219483,70.5258302583026,186.145844103625,0.0138126207747613,6.67620384219483,70.5258302583026,185.527328603843,0.0139166349771001,6.67294569445449,56.5844095940959
-1,185.863116778678,0.0148084863775556,6.64596926045289,58.7869003690037,185.863116778678,0.0148084863775556,6.64596926045289,58.7869003690037,185.085475486113,0.0263853589775183,6.39511692341642,58.7869003690037
-1,186.120857027974,0.014776252124958,6.64691563782715,71.0851014760148,186.120857027974,0.014776252124958,6.64691563782715,71.0851014760148,185.508200017233,0.0149489519729715,6.64186918400403,56.6651291512915
-1,185.633867539778,0.108174416832393,5.78235536802547,25.1960332103321,185.633867539778,0.108174416832393,5.78235536802547,25.1960332103321,184.930321394721,0.118339132230576,5.74335155031051,22.8263376383764
-1,167.092193692917,0.0397471650318151,6.21717377259841,57.9162822878229,167.092193692917,0.0397471650318151,6.21717377259841,57.9162822878229,166.376080650257,0.0613602203759059,6.02859301990657,48.3164206642066
-1,166.852260325119,0.0292375221116629,6.35053936735948,53.2114852398524,166.852260325119,0.0292375221116629,6.35053936735948,53.2114852398524,166.524485165293,0.0343035125349874,6.28114133838096,53.2114852398524
-1,185.518065368488,0.0330549343570697,6.29724363157992,57.7375461254613,185.518065368488,0.0330549343570697,6.29724363157992,57.7375461254613,185.112042967516,0.0255946131415565,6.40833136097877,57.7375461254613
-1,186.102303406284,0.0147597056353407,6.64740223453383,70.479704797048,186.102303406284,0.0147597056353407,6.64740223453383,70.479704797048,185.502599304937,0.0147285780630392,6.64831910972704,56.1923431734317
-1,184.171290711701,0.138404216350812,5.67533060993938,20.2721402214022,184.171290711701,0.138404216350812,5.67533060993938,20.2721402214022,184.98730505213,0.114534012615818,5.75754545444702,20.2721402214022
-1,165.875581595726,0.0787189238861109,5.92040078210995,38.7280904059041,165.875581595726,0.0787189238861109,5.92040078210995,38.7280904059041,166.297814286125,0.065632823075964,5.99935884558139,47.9185885608856
-1,166.439542765236,0.0460257154155764,6.1534793827986,51.9315036900369,166.439542765236,0.0460257154155764,6.1534793827986,51.9315036900369,166.393457219175,0.0432686995261618,6.18030608828144,51.9315036900369
-1,185.917341604917,0.0162626428606781,6.60528880593758,57.3397140221402,185.917341604917,0.0162626428606781,6.60528880593758,57.3397140221402,185.299738633426,0.015746735893358,6.61928938712771,57.3397140221402
-1,186.120110287782,0.0149911192740508,6.64064587106448,70.4105166051661,186.120110287782,0.0149911192740508,6.64064587106448,70.4105166051661,185.487750236953,0.0156307724607421,6.6224994895752,56.6535977859779
-1,185.818771899592,0.103812499149016,5.80023028438828,22.5034594095941,185.818771899592,0.103812499149016,5.80023028438828,22.5034594095941,185.556883131803,0.106014540040426,5.79111449718655,22.5034594095941
-1,185.567867195129,0.112250960093241,5.76628986637005,21.8807656826568,185.567867195129,0.112250960093241,5.76628986637005,21.8807656826568,185.431685670793,0.107770316349056,5.78398077293642,21.8807656826568
-1,166.758458268712,0.0538138620070994,6.08558576986904,44.2631457564576,166.758458268712,0.0538138620070994,6.08558576986904,44.2631457564576,166.60283769423,0.0582245947842549,6.05137345589142,44.2631457564576
-1,166.277442702051,0.0468318108577689,6.14593897953964,49.8154981549815,166.277442702051,0.0468318108577689,6.14593897953964,49.8154981549815,166.37992934486,0.0428886002388406,6.18413805828221,49.8154981549815
-1,185.931070136136,0.013573204997274,6.68379752229456,58.0431273062731,185.931070136136,0.013573204997274,6.68379752229456,58.0431273062731,185.286957520751,0.0140542435897146,6.66867245411695,58.0431273062731
-1,186.052444138089,0.018308486529116,6.55382748578788,69.4707103321033,186.052444138089,0.018308486529116,6.55382748578788,69.4707103321033,185.423557457564,0.0181275147701831,6.55814166296384,55.4773985239852
-1,185.447469699581,0.118551854225751,5.74257157961684,22.0825645756458,185.447469699581,0.118551854225751,5.74257157961684,22.0825645756458,185.292127409024,0.108591251535533,5.78068509213777,22.0825645756458
-1,167.071974266184,0.055055455751367,6.07567956852736,51.8392527675277,167.071974266184,0.055055455751367,6.07567956852736,51.8392527675277,165.811098026826,0.0744864910438256,5.94440241488348,34.1732011070111
-1,184.920386007238,0.112768949669225,5.76429039519319,23.402905904059,184.920386007238,0.112768949669225,5.76429039519319,23.402905904059,182.69489042709,0.139386630365837,5.67225881135812,20.3816881918819
-1,166.112011028778,0.0478809563370027,6.13631711454231,50.6342250922509,166.112011028778,0.0478809563370027,6.13631711454231,50.6342250922509,164.597495476348,0.0689887103190065,5.9777019043403,34.0059963099631
-1,184.591245907289,0.0565144229870691,6.064320632816,40.0541974169742,184.591245907289,0.0565144229870691,6.064320632816,40.0541974169742,184.535428095471,0.0425390980478271,6.18769165326113,40.0541974169742
-1,186.126601183296,0.0161291663153024,6.6088680104772,70.3816881918819,186.126601183296,0.0161291663153024,6.6088680104772,70.3816881918819,185.537180113163,0.0155701527281868,6.62418705802453,56.0424354243542
-1,181.133149520363,0.163236617260909,5.6036623442783,21.840405904059,181.133149520363,0.163236617260909,5.6036623442783,21.840405904059,181.874027055749,0.146186511865224,5.65157262703562,21.840405904059
-1,182.352289045896,0.125348551873248,5.71836060961778,24.4291974169742,182.352289045896,0.125348551873248,5.71836060961778,24.4291974169742,182.465490995778,0.129075217603937,5.70563706474012,24.4291974169742
-1,163.576770635878,0.0923547055563961,5.85102090258415,33.1699723247232,163.576770635878,0.0923547055563961,5.85102090258415,33.1699723247232,163.913433093029,0.0897939600472421,5.86323280560866,33.1699723247232
-1,185.7136538572,0.0154589293142431,6.6273005192444,58.8157287822878,185.7136538572,0.0154589293142431,6.6273005192444,58.8157287822878,185.08788810064,0.0160512314496063,6.61097157355553,58.8157287822878
-1,185.945832615314,0.0165397332312971,6.5979514300692,56.5728782287823,185.945832615314,0.0165397332312971,6.5979514300692,56.5728782287823,185.339403165121,0.0166980258288468,6.59381480212993,56.5728782287823
-1,185.683554483313,0.0161209412059239,6.60908953654133,58.2045664206642,185.683554483313,0.0161209412059239,6.60908953654133,58.2045664206642,185.022431570784,0.0171061751798387,6.58332701541231,58.2045664206642
-1,185.998046987191,0.0167621785887427,6.59214946718977,56.8035055350554,185.998046987191,0.0167621785887427,6.59214946718977,56.8035055350554,185.430766579544,0.0173223188601361,6.57787390202132,56.8035055350554
-1,185.601642828422,0.0158516346508268,6.61640587648453,57.8413284132841,185.601642828422,0.0158516346508268,6.61640587648453,57.8413284132841,185.013700203923,0.0158945756789538,6.61523099212872,57.8413284132841
-1,186.135619507151,0.0180465847868272,6.56008490435825,68.7961254612546,186.135619507151,0.0180465847868272,6.56008490435825,68.7961254612546,185.541258580578,0.0197358887052231,6.52122324321193,54.2089483394834
-1,185.683611924866,0.0182244085423461,6.55582648806241,58.2218634686347,185.683611924866,0.0182244085423461,6.55582648806241,58.2218634686347,185.091047476807,0.0183605469526318,6.55259431612385,58.2218634686347
-1,186.168993049572,0.021826595729381,6.47749392607513,68.7327029520295,186.168993049572,0.021826595729381,6.47749392607513,68.7327029520295,185.6117413907,0.0203936098813287,6.5069858233949,54.255073800738
-1,185.842380377965,0.0145515398761542,6.65357097686669,58.7004151291513,185.842380377965,0.0145515398761542,6.65357097686669,58.7004151291513,185.176005974093,0.016213631172047,6.60659964116821,58.7004151291513
-1,186.016485725774,0.0160906729799074,6.60990572211522,70.2663745387454,186.016485725774,0.0160906729799074,6.60990572211522,70.2663745387454,185.371657523624,0.01698051553867,6.58652905907379,56.0309040590406
-1,168.307656959044,0.21850501188707,5.47701852771572,23.0454335793358,168.307656959044,0.21850501188707,5.47701852771572,23.0454335793358,176.454289571186,0.155049893613539,5.62600845803854,26.8046586715867
-1,185.684588431271,0.0253451626684145,6.41258484769919,57.5415129151292,185.684588431271,0.0253451626684145,6.41258484769919,57.5415129151292,185.068070195594,0.0242630105785763,6.43153524305674,57.5415129151292
-1,164.255787236487,0.140577134383139,5.66856524449751,24.1005535055351,164.255787236487,0.140577134383139,5.66856524449751,24.1005535055351,165.223224286986,0.115417823920312,5.75420704873206,27.2082564575646
-1,186.283474065139,0.0859638457556999,5.88216409438225,28.8918357933579,186.283474065139,0.0859638457556999,5.88216409438225,28.8918357933579,185.449636671741,0.100622392505762,5.81378529126051,25.9052121771218
-1,165.249755873399,0.10547928466152,5.79331275478679,29.6298431734317,165.249755873399,0.10547928466152,5.79331275478679,29.6298431734317,165.270758537496,0.110769127439561,5.77206119596157,29.6298431734317
-1,185.745648802344,0.0206200328666579,6.50219057744551,57.8874538745387,185.745648802344,0.0206200328666579,6.50219057744551,57.8874538745387,179.740299279088,0.129328554631431,5.70478550667345,1.85654981549816
-1,186.30616347866,0.0172561963988637,6.57953485564225,69.3611623616236,186.30616347866,0.0172561963988637,6.57953485564225,69.3611623616236,185.700921963409,0.0174685857451403,6.57422218465301,54.6586715867159
0,171.4478143489,0.120794299766929,5.73443349003211,21.0159132841328,171.4478143489,0.120794299766929,5.73443349003211,21.0159132841328,173.478272108453,0.104660555860222,5.79669689364269,22.6187730627306
0,159.701189040152,0.170661699432534,5.58434386464351,25.4208948339483,159.701189040152,0.170661699432534,5.58434386464351,25.4208948339483,156.209581526266,0.193857779300663,5.52899669716821,22.0825645756458
0,159.603251191912,0.176686352820237,5.56927692454508,24.6309963099631,159.603251191912,0.176686352820237,5.56927692454508,24.6309963099631,159.565356004251,0.180105163468624,5.56095376675594,24.6309963099631
0,182.19874777414,0.055317076730841,6.07362070917214,41.7089483394834,182.19874777414,0.055317076730841,6.07362070917214,41.7089483394834,181.617859091823,0.0471313531439345,6.14317002206483,31.1635147601476
0,171.686828651847,0.120845111692427,5.73425084317786,21.1139298892989,171.686828651847,0.120845111692427,5.73425084317786,21.1139298892989,174.59034379757,0.0985182279710161,5.82296333896019,24.1409132841328
0,179.354931357344,0.0634377269462822,6.01413231735407,18.017758302583,179.354931357344,0.0634377269462822,6.01413231735407,18.017758302583,179.689260993193,0.058017127790155,6.05292370591167,18.017758302583
0,138.043655580447,0.113648465688161,5.76091635371857,21.5809501845018,138.043655580447,0.113648465688161,5.76091635371857,21.5809501845018,140.004796507453,0.0962558797590978,5.83305266289575,30.4428044280443
0,167.202538916652,0.0358014412231822,6.26257942066484,52.029520295203,167.202538916652,0.0358014412231822,6.26257942066484,52.029520295203,164.353620357871,0.091981236850205,5.85278068548997,29.122463099631
0,180.536102016199,0.0656689832575222,5.9991196383968,15.9767066420664,180.536102016199,0.0656689832575222,5.9991196383968,15.9767066420664,177.182525777637,0.100387256965267,5.81480134312253,8.24492619926199
0,141.156930323396,0.0687962595782593,5.97891510414228,34.905442804428,141.156930323396,0.0687962595782593,5.97891510414228,34.905442804428,138.641324640262,0.0979798106132058,5.82534333495755,14.5468173431734
0,153.04888276179,0.195891357577613,5.52446465460419,21.3272601476015,153.04888276179,0.195891357577613,5.52446465460419,21.3272601476015,155.736019760462,0.175050448838451,5.57331670196759,23.2991236162362
0,174.20713424091,0.130523002946626,5.7007928735668,16.6109317343173,174.20713424091,0.130523002946626,5.7007928735668,16.6109317343173,176.416692994801,0.110340661936902,5.77374434564869,18.5597324723247
0,134.554942845655,0.175255244200788,5.57280890830233,20.5488929889299,134.554942845655,0.175255244200788,5.57280890830233,20.5488929889299,133.340437142775,0.17348788673335,5.5772107737361,19.7705258302583
0,157.873915790683,0.173919427794199,5.57613183273515,19.1881918819188,157.873915790683,0.173919427794199,5.57613183273515,19.1881918819188,152.267541718126,0.23998066540555,5.43630367743679,13.9875461254613
0,181.578895973347,0.0651782200631629,6.00237743437953,19.2112546125461,181.578895973347,0.0651782200631629,6.00237743437953,19.2112546125461,180.919378464543,0.0666628356769791,5.9925961470617,13.1803505535055
0,159.021310816244,0.202502232882591,5.51005011431626,16.9280442804428,159.021310816244,0.202502232882591,5.51005011431626,16.9280442804428,163.581870925123,0.14320828522864,5.6605117860807,27.392758302583
0,179.606410477339,0.0958593914866763,5.83484526285107,12.7882841328413,179.606410477339,0.0958593914866763,5.83484526285107,12.7882841328413,178.342189160468,0.104313547159855,5.79813921687873,10.3090405904059
0,179.176403009937,0.100639107798652,5.8137131526799,14.6217712177122,179.176403009937,0.100639107798652,5.8137131526799,14.6217712177122,179.729212740902,0.0840130083500583,5.89213339435642,14.6217712177122
0,166.694410936872,0.0878456703061752,5.8727595695559,38.4801660516605,166.694410936872,0.0878456703061752,5.8727595695559,38.4801660516605,163.636757905621,0.1268887808978,5.71305670576754,17.1875
0,182.80303291401,0.0894752910332156,5.86477681094457,21.1139298892989,182.80303291401,0.0894752910332156,5.86477681094457,21.1139298892989,182.50587356751,0.0790973335825899,5.91831808720044,21.1139298892989
0,153.201619851801,0.226573311215343,5.46127117899984,17.7928966789668,153.201619851801,0.226573311215343,5.46127117899984,17.7928966789668,158.536203578712,0.179051238418874,5.56350260144097,22.3650830258303
0,179.71060945488,0.0960313977788009,5.83406668036865,14.9504151291513,179.71060945488,0.0960313977788009,5.83406668036865,14.9504151291513,174.63334003504,0.141966292901851,5.66429468866626,5.98477859778598
0,183.349474409788,0.0389180598705903,6.22632874878326,35.7126383763838,183.349474409788,0.0389180598705903,6.22632874878326,35.7126383763838,181.734612401988,0.0498963226200561,6.11841139150669,18.1446033210332
0,167.106611522776,0.0710048365432505,5.9651919986299,48.2414667896679,167.106611522776,0.0710048365432505,5.9651919986299,48.2414667896679,164.988425194589,0.115503896725185,5.75388329446741,24.9308118081181
0,162.766614969269,0.14543753369896,5.65380342936361,20.0934040590406,162.766614969269,0.14543753369896,5.65380342936361,20.0934040590406,164.540684148548,0.11026657548965,5.7740360435713,28.7938191881919
0,185.347751163191,0.130394177725201,5.70122173062557,30.2928966789668,185.347751163191,0.130394177725201,5.70122173062557,30.2928966789668,185.175661314875,0.126940372596875,5.71288016189762,30.2928966789668
0,164.350450916193,0.115409586256132,5.75423804654203,28.5343634686347,164.350450916193,0.115409586256132,5.75423804654203,28.5343634686347,165.567021857139,0.0883593975105698,5.8702271847046,34.940036900369
0,184.896547762651,0.133911711474544,5.68966136999443,28.8284132841328,184.896547762651,0.133911711474544,5.68966136999443,28.8284132841328,182.723468420599,0.162338924136491,5.60605726716887,25.2017988929889
0,185.687230742719,0.0951873152553617,5.83790085284475,29.2608394833948,185.687230742719,0.0951873152553617,5.83790085284475,29.2608394833948,183.454260849585,0.132956454536925,5.69277050507701,22.9877767527675
0,166.721063817566,0.0543708171826081,6.08111407021293,41.6397601476015,166.721063817566,0.0543708171826081,6.08111407021293,41.6397601476015,165.927535399374,0.0763278166609133,5.93379709095505,34.340405904059
0,183.831523924407,0.15043331658251,5.63913590018212,28.0327490774908,183.831523924407,0.15043331658251,5.63913590018212,28.0327490774908,183.26800126375,0.15782139430951,5.6183140546859,28.0327490774908
0,164.833419495663,0.104140566804044,5.7988599935506,30.085332103321,164.833419495663,0.104140566804044,5.7988599935506,30.085332103321,164.973001694574,0.100263388005831,5.81533755482924,30.085332103321
0,183.566890688724,0.154959286702389,5.62626232202164,28.4305811808118,183.566890688724,0.154959286702389,5.62626232202164,28.4305811808118,184.439842605624,0.138531433780222,5.67493160149496,30.2121771217712
0,184.216612097191,0.125976968662797,5.71618877675161,28.6958025830258,184.216612097191,0.125976968662797,5.71618877675161,28.6958025830258,185.141224114657,0.108285121401031,5.78191114285651,31.8726937269373
0,165.925613188581,0.0742258137898349,5.94592496285346,37.8632380073801,165.925613188581,0.0742258137898349,5.94592496285346,37.8632380073801,164.953269954333,0.102363210372965,5.80633603260551,31.25
0,181.234763628008,0.185487422430401,5.54816546440452,25.864852398524,181.234763628008,0.185487422430401,5.54816546440452,25.864852398524,183.349254674441,0.153333776702489,5.63084209788462,29.2435424354244
0,163.794301797921,0.124371614945099,5.72175865701601,25.5765682656827,163.794301797921,0.124371614945099,5.72175865701601,25.5765682656827,164.666456041589,0.102960791270884,5.80380805908889,31.3134225092251
0,177.186570164857,0.154786890306416,5.62674575534065,12.0502767527675,177.186570164857,0.154786890306416,5.62674575534065,12.0502767527675,177.391360542264,0.154780374943384,5.62676403625424,12.0502767527675
0,184.265437417428,0.150813442515115,5.63803987722026,29.1166974169742,184.265437417428,0.150813442515115,5.63803987722026,29.1166974169742,185.070138150903,0.130969512443378,5.69930971984261,31.3249538745387
0,185.560342351657,0.0983792127242129,5.82357658781102,30.28713099631,185.560342351657,0.0983792127242129,5.82357658781102,30.28713099631,186.169026624925,0.0801605419007297,5.91251928617611,34.5191420664207
0,186.058590384284,0.112099479753929,5.76687633355524,32.3051199261993,186.058590384284,0.112099479753929,5.76687633355524,32.3051199261993,183.782634919723,0.145027293859663,5.65503018730485,25.4958487084871
0,186.975357573669,0.0576788237382523,6.05546353552112,32.1840405904059,186.975357573669,0.0576788237382523,6.05546353552112,32.1840405904059,184.93313611167,0.0935262805738361,5.84554626729697,20.6872693726937
0,166.640875409271,0.0654582593530497,6.00051547813042,41.4091328413284,166.640875409271,0.0654582593530497,6.00051547813042,41.4091328413284,164.520406697877,0.0935288359739659,5.84553440131654,27.559963099631
0,179.911425124935,0.191077591231911,5.53527017279406,24.169741697417,179.911425124935,0.191077591231911,5.53527017279406,24.169741697417,182.543269092685,0.156745227050965,5.62128560534415,27.9059040590406
0,181.476133034637,0.127398009313977,5.71131728873669,19.8916051660517,181.476133034637,0.127398009313977,5.71131728873669,19.8916051660517,183.919062526926,0.0948491829563256,5.83944633645424,25.1383763837638
0,161.310529036705,0.119942678170728,5.7375061887584,23.570110701107,161.310529036705,0.119942678170728,5.7375061887584,23.570110701107,163.576614872045,0.0945691080908041,5.84073063752765,30.6042435424354
0,135.1953587225,0.340075279965505,5.28490486636153,28.4017527675277,135.1953587225,0.340075279965505,5.28490486636153,28.4017527675277,138.842146078065,0.342240123341016,5.28214900687944,30.0334409594096
0,135.13452811764,0.408236813506104,5.20556776517341,26.9372693726937,135.13452811764,0.408236813506104,5.20556776517341,26.9372693726937,140.743544820059,0.378565298486522,5.2383391291484,29.7566881918819
0,178.568499052214,0.192863693658157,5.53122945066228,27.0525830258303,178.568499052214,0.192863693658157,5.53122945066228,27.0525830258303,178.692133153345,0.189593664590727,5.53865610964306,27.0525830258303
0,145.083577459935,0.344780687622286,5.27893699914959,26.4644833948339,145.083577459935,0.344780687622286,5.27893699914959,26.4644833948339,142.190366774851,0.361073114213356,5.25888477889996,24.9192804428044
0,162.028778218163,0.0912499284457633,5.85624739804995,34.2942804428044,162.028778218163,0.0912499284457633,5.85624739804995,34.2942804428044,161.213803601689,0.10798116699688,5.78313191386404,30.9328874538745
0,177.237176173244,0.188905638483661,5.54023500962196,23.5182195571956,177.237176173244,0.188905638483661,5.54023500962196,23.5182195571956,177.55171324353,0.179642028309432,5.56207198065575,23.5182195571956
0,176.035958412315,0.199893903124662,5.51568038252707,27.0814114391144,176.035958412315,0.199893903124662,5.51568038252707,27.0814114391144,175.547606054514,0.203738612166801,5.50740658713234,26.1589022140221
0,164.513699810443,0.0876862178683794,5.87354859237823,33.77536900369,164.513699810443,0.0876862178683794,5.87354859237823,33.77536900369,161.80228049516,0.129938518218398,5.70274202073585,23.2587638376384
0,177.359641564708,0.177000129903237,5.56850634552608,23.7603782287823,177.359641564708,0.177000129903237,5.56850634552608,23.7603782287823,177.425280753655,0.175130698994975,5.57311764955728,23.7603782287823
0,159.288758688035,0.136368850612933,5.68176475056596,27.2543819188192,159.288758688035,0.136368850612933,5.68176475056596,27.2543819188192,157.46988540081,0.148768025037197,5.64397033303028,24.0255996309963
0,157.428169337699,0.277885223154292,5.37261447730864,23.3567804428044,157.428169337699,0.277885223154292,5.37261447730864,23.3567804428044,168.238274406181,0.209457920235031,5.49538314363314,32.5530442804428
0,178.616864840025,0.18488485205573,5.54957860052511,22.6303044280443,178.616864840025,0.18488485205573,5.54957860052511,22.6303044280443,176.795416032398,0.198350559058229,5.51904650173709,21.4252767527675
0,180.519960939744,0.126308986711664,5.71504567951064,25.0172970479705,180.519960939744,0.126308986711664,5.71504567951064,25.0172970479705,178.329867593417,0.155124826351275,5.62579862227147,22.2440036900369
0,161.037164684933,0.136122897002104,5.68254874733599,27.6637453874539,161.037164684933,0.136122897002104,5.68254874733599,27.6637453874539,159.111324927478,0.163895474142655,5.6019129696219,24.5560424354244
0,157.827962548107,0.141723558301779,5.6650378828458,27.8713099630996,157.827962548107,0.141723558301779,5.6650378828458,27.8713099630996,157.942528075365,0.150144494146771,5.63997051953337,27.8713099630996
0,177.42926072721,0.192852926632166,5.53125369675243,24.2792896678967,177.42926072721,0.192852926632166,5.53125369675243,24.2792896678967,176.614240170032,0.199931375757479,5.51559897618004,23.6277675276753
0,183.899707048079,0.134551841894454,5.68759028337995,25.9225092250923,183.899707048079,0.134551841894454,5.68759028337995,25.9225092250923,182.322112761008,0.15405636947435,5.62880027165541,24.1928044280443
0,156.750990866793,0.200692740225979,5.51394826783637,24.5214483394834,156.750990866793,0.200692740225979,5.51394826783637,24.5214483394834,155.70227187868,0.216994537475112,5.48003112937552,23.7430811808118
0,177.610259061405,0.174727090270131,5.57411968595714,24.3138837638376,177.610259061405,0.174727090270131,5.57411968595714,24.3138837638376,175.669816468966,0.196582255689882,5.52293561653632,22.7975092250923
0,158.970819690964,0.151812167689194,5.63517334912683,24.5445110701107,158.970819690964,0.151812167689194,5.63517334912683,24.5445110701107,157.552144067553,0.169007597927284,5.58857370137263,23.172278597786
0,104.655925096215,0.719567334247908,4.9594084909,28.4824723247232,104.655925096215,0.719567334247908,4.9594084909,28.4824723247232,106.03162248327,0.710054315648775,4.96518835925068,30.217942804428
0,132.291228674823,0.476233043589478,5.13866040484107,31.5844095940959,132.291228674823,0.476233043589478,5.13866040484107,31.5844095940959,155.570497170922,0.330830489645973,5.29687440291487,39.66213099631
0,172.7876960193,0.239603291270863,5.43698715125135,24.6194649446494,172.7876960193,0.239603291270863,5.43698715125135,24.6194649446494,170.754976017463,0.251670203169104,5.41564813090873,23.702721402214
0,172.93612499282,0.235700952392798,5.44411859324956,24.6425276752768,172.93612499282,0.235700952392798,5.44411859324956,24.6425276752768,170.881006404917,0.250639859189898,5.41742979273771,23.5758763837638
0,154.608937905681,0.230469141209982,5.45386714709935,25.7380073800738,154.608937905681,0.230469141209982,5.45386714709935,25.7380073800738,152.4621305684,0.253418035446414,5.41264241077822,24.4061346863469
0,155.316388075134,0.186848819743623,5.54498957171046,26.2799815498155,155.316388075134,0.186848819743623,5.54498957171046,26.2799815498155,152.647614670994,0.217624705489416,5.47877173422678,23.5758763837638
0,175.325578723649,0.19328010732556,5.53029277252535,25.2825184501845,175.325578723649,0.19328010732556,5.53029277252535,25.2825184501845,172.924203693598,0.216159318224161,5.48170596872716,23.3913745387454
0,183.1213165604,0.143394540311872,5.65994731456086,28.1768911439114,183.1213165604,0.143394540311872,5.65994731456086,28.1768911439114,183.289054197662,0.140566884069862,5.66859691264056,28.1768911439114
0,149.449709920156,0.273574262624616,5.37940469329885,28.6266143911439,149.449709920156,0.273574262624616,5.37940469329885,28.6266143911439,150.156302955453,0.269242270363035,5.38633668657148,29.0821033210332
0,171.606755126659,0.209440082601446,5.49542013013481,27.5311346863469,171.606755126659,0.209440082601446,5.49542013013481,27.5311346863469,171.800643363874,0.214171362757318,5.48571853055141,27.5311346863469
0,150.759779424436,0.230193624522436,5.45438663944925,27.8828413284133,150.759779424436,0.230193624522436,5.45438663944925,27.8828413284133,150.45928712985,0.233911267362944,5.44742878861063,27.8828413284133
0,148.360618071113,0.268816166000903,5.38702454796113,22.970479704797,148.360618071113,0.268816166000903,5.38702454796113,22.970479704797,153.846626647902,0.249169674705588,5.41998474540314,29.6586715867159
0,173.047733930725,0.179098306561809,5.56338845116405,25.5362084870849,173.047733930725,0.179098306561809,5.56338845116405,25.5362084870849,177.818766694431,0.141232715735843,5.66654462046747,30.4946955719557
0,171.026423114481,0.244762084685649,5.42773578711388,26.0378228782288,171.026423114481,0.244762084685649,5.42773578711388,26.0378228782288,176.179825947095,0.200139753421033,5.51514657024011,28.7361623616236
0,153.066344993969,0.238356316275506,5.43925326570844,27.2428505535055,153.066344993969,0.238356316275506,5.43925326570844,27.2428505535055,157.41002958325,0.203122693711871,5.508721483323,29.987315498155
0,153.724682635418,0.206099174753782,5.50240367780905,26.9026752767528,153.724682635418,0.206099174753782,5.50240367780905,26.9026752767528,158.346928224718,0.171848400052008,5.5813344375128,31.2788284132841
0,147.16003216727,0.279256053530893,5.37047733438102,25.1729704797048,147.16003216727,0.279256053530893,5.37047733438102,25.1729704797048,130.941580262515,0.361883141545163,5.25791157880714,10.3955258302583
0,176.509506577058,0.104793949745545,5.79614372114369,31.0539667896679,176.509506577058,0.104793949745545,5.79614372114369,31.0539667896679,180.517735588936,0.0838199557262978,5.89313250352017,42.1067804428044
0,184.544028950543,0.0622426068149959,6.02239215734804,43.2483856088561,184.544028950543,0.0622426068149959,6.02239215734804,43.2483856088561,184.133009736623,0.0589270726056741,6.04616506398606,43.2483856088561
0,145.089781147682,0.385502370038668,5.23045287821973,34.3865313653137,145.089781147682,0.385502370038668,5.23045287821973,34.3865313653137,143.973719734612,0.3758379643675,5.24147928343143,33.4409594095941
0,175.323166178413,0.101088485641357,5.81177823999022,14.1316881918819,175.323166178413,0.101088485641357,5.81177823999022,14.1316881918819,176.613952954017,0.0872379445675947,5.87577450610433,16.4321955719557
0,181.952668160147,0.160331158415601,5.61146200020348,28.1884225092251,181.952668160147,0.160331158415601,5.61146200020348,28.1884225092251,182.378206048769,0.155623206744963,5.624405570555,29.9008302583026
0,120.736343270722,0.455323214870132,5.15816013704081,27.8194188191882,120.736343270722,0.455323214870132,5.15816013704081,27.8194188191882,150.895338484074,0.345769886863226,5.27769276279221,56.3999077490775
